Tiempo	LacI	TetR	cI
0	0	0	0
0.0253223	0.0137499	0.113513	0.013723
0.0596299	0.0751851	0.305343	0.0742601
0.0953815	0.18928	0.549656	0.182905
0.13493	0.370529	0.868284	0.345555
0.174478	0.602112	1.2297	0.538426
0.214026	0.873973	1.62242	0.748817
0.256228	1.19645	2.06208	0.98253
0.30621	1.6062	2.59336	1.26242
0.364087	2.10015	3.20489	1.58245
0.436482	2.72504	3.94536	1.96862
0.530742	3.5226	4.84987	2.44017
0.637051	4.37592	5.77758	2.92499
0.762215	5.29995	6.74216	3.43143
0.910842	6.27508	7.71745	3.94708
1.0883	7.26886	8.6638	4.45252
1.3022	8.24068	9.533	4.92398
1.56703	9.14929	10.2729	5.33625
1.84128	9.81043	10.733	5.60638
2.11553	10.2489	10.958	5.75566
2.38979	10.5174	11.0086	5.81508
2.66404	10.6583	10.9316	5.80889
2.9383	10.706	10.7633	5.75587
3.21255	10.6873	10.5311	5.67057
3.48681	10.6234	10.2561	5.56417
3.76106	10.5311	9.95398	5.4453
4.0483	10.4178	9.62148	5.31461
4.33553	10.2987	9.28239	5.18329
4.63938	10.1756	8.92456	5.04853
4.95388	10.059	8.56139	4.91762
5.28125	9.95505	8.19589	4.79402
5.62357	9.86914	7.83063	4.68139
5.98307	9.80595	7.4677	4.58376
6.36137	9.76895	7.10946	4.50576
6.73968	9.7594	6.77521	4.45454
7.11798	9.77252	6.46398	4.43105
7.49628	9.80202	6.17436	4.43595
7.87459	9.84063	5.90482	4.46964
8.25289	9.8806	5.65382	4.53241
8.63119	9.91425	5.41996	4.6244
9.00949	9.93437	5.20203	4.74572
9.3878	9.93469	4.99902	4.89638
9.77989	9.90873	4.80353	5.08346
10.172	9.85199	4.62262	5.30186
10.5641	9.76206	4.45586	5.55124
10.9738	9.63182	4.29649	5.84436
11.3835	9.46533	4.15226	6.1697
11.81	9.25597	4.01834	6.54091
12.2364	9.01362	3.90122	6.94294
12.6899	8.725	3.79562	7.40045
13.1434	8.41069	3.71026	7.88356
13.5969	8.07713	3.64607	8.38526
14.0503	7.73064	3.60418	8.89694
14.5038	7.37707	3.58594	9.40829
14.9573	7.0217	3.59294	9.90759
15.4108	6.66914	3.62702	10.382
15.8643	6.3233	3.69028	10.8181
16.3177	5.9874	3.78506	11.2026
16.7712	5.66404	3.914	11.5233
17.2247	5.35527	4.07996	11.7694
17.6782	5.06266	4.28598	11.9329
18.0749	4.82083	4.50159	12.0043
18.4717	4.59286	4.75247	12.0073
18.8684	4.37919	5.0407	11.9429
19.2652	4.18015	5.36825	11.8138
19.6619	3.99603	5.73677	11.6244
20.0587	3.82703	6.14752	11.3805
20.4555	3.67339	6.60117	11.0889
20.8522	3.53533	7.09757	10.7568
21.266	3.40827	7.65949	10.3758
21.6797	3.29886	8.26387	9.96768
22.0935	3.20762	8.90613	9.54057
22.5072	3.13518	9.57972	9.1019
22.9209	3.08236	10.2758	8.65834
23.3347	3.05016	10.9834	8.21563
23.7484	3.03981	11.6893	7.77864
24.1622	3.05275	12.3781	7.35135
24.5759	3.09073	13.0334	6.93694
24.9897	3.15576	13.6378	6.53787
25.4034	3.25018	14.1743	6.15595
25.8172	3.37664	14.627	5.79246
26.2309	3.53813	14.9824	5.44825
26.6447	3.73798	15.2302	5.12377
27.0109	3.94979	15.3546	4.85317
27.3772	4.19719	15.3881	4.59818
27.7434	4.48302	15.3318	4.35869
28.1097	4.81021	15.1894	4.13454
28.4759	5.18168	14.9667	3.92549
28.8422	5.6003	14.6713	3.73133
29.2084	6.06875	14.3121	3.55182
29.5747	6.58936	13.8987	3.38674
29.941	7.16393	13.441	3.23592
30.3072	7.79357	12.9489	3.09923
30.6869	8.50455	12.4123	2.97237
31.0666	9.27351	11.8583	2.86065
31.4463	10.0974	11.2952	2.7642
31.826	10.9711	10.7307	2.68326
32.2057	11.8871	10.1708	2.61822
32.5854	12.8351	9.62091	2.56961
32.9651	13.8023	9.08503	2.53816
33.3448	14.7732	8.56639	2.52477
33.7245	15.7298	8.06738	2.53055
34.1042	16.6521	7.58968	2.55685
34.4839	17.519	7.13438	2.60527
34.8636	18.3093	6.70208	2.67769
35.2433	19.0023	6.29298	2.77627
35.623	19.5798	5.90701	2.90351
36.0027	20.0266	5.54381	3.06222
36.3824	20.3319	5.20288	3.25557
36.7621	20.4899	4.88358	3.48711
37.1418	20.4997	4.58519	3.76069
37.5215	20.3659	4.30695	4.08056
37.9012	20.0974	4.04807	4.45123
38.2809	19.7069	3.80779	4.8775
38.6606	19.2097	3.58534	5.36432
39.0403	18.6228	3.38002	5.91669
39.42	17.9636	3.19118	6.53951
39.7997	17.2493	3.01823	7.23736
40.1794	16.4962	2.86066	8.01419
40.5591	15.7188	2.71806	8.87308
40.9388	14.9303	2.5901	9.81576
41.2776	14.2261	2.48811	10.7278
41.6164	13.5284	2.39754	11.705
41.9553	12.8425	2.3184	12.7444
42.2941	12.1729	2.25079	13.8407
42.6329	11.523	2.19491	14.9867
42.9718	10.8953	2.15105	16.1726
43.3106	10.2917	2.11963	17.3862
43.6494	9.71342	2.10117	18.6128
44.0041	9.13606	2.09646	19.892
44.3587	8.58758	2.10762	21.1447
44.7281	8.04702	2.13732	22.3953
45.0974	7.53726	2.18697	23.5631
45.4667	7.05757	2.25832	24.62
45.8361	6.60702	2.35346	25.5394
46.2054	6.18454	2.47477	26.2978
46.5748	5.78895	2.62496	26.8763
46.9441	5.41903	2.80713	27.2619
47.3134	5.07355	3.02476	27.4482
47.6828	4.75128	3.28171	27.4355
48.015	4.48023	3.54995	27.2601
48.3472	4.22611	3.85689	26.939
48.6794	3.9881	4.2062	26.4846
49.0116	3.76543	4.60179	25.9118
49.3438	3.55734	5.0478	25.2371
49.6759	3.36314	5.54856	24.4776
50.0081	3.18219	6.10849	23.6502
50.3403	3.01388	6.73203	22.7713
50.6725	2.85768	7.42358	21.8562
51.016	2.70836	8.21461	20.8864
51.3596	2.57098	9.08695	19.906
51.7031	2.44512	10.0441	18.9266
52.0466	2.33044	11.0886	17.9577
52.3901	2.22668	12.2217	17.0073
52.7336	2.13362	13.4431	16.0815
53.0771	2.05117	14.7505	15.1852
53.4206	1.97929	16.1393	14.3217
53.7641	1.91804	17.6023	13.4936
54.1076	1.86757	19.1291	12.7024
54.4511	1.82815	20.7065	11.9488
54.7946	1.80015	22.3177	11.233
55.1381	1.78406	23.9429	10.5547
55.4977	1.78067	25.6344	9.88407
55.8574	1.79193	27.2865	9.25267
56.217	1.81891	28.8677	8.65922
56.5767	1.86291	30.3446	8.10221
56.9363	1.92547	31.6844	7.58003
57.2959	2.00835	32.8556	7.09101
57.6556	2.11362	33.8301	6.63348
58.0152	2.24363	34.5849	6.20574
58.3748	2.40109	35.1034	5.80616
58.7345	2.58903	35.3764	5.43313
59.0941	2.81089	35.4028	5.08511
59.4538	3.07048	35.1896	4.76062
59.8134	3.37207	34.751	4.45828
60.173	3.72034	34.1071	4.17674
60.5327	4.12039	33.2827	3.91476
60.8923	4.57777	32.3053	3.67118
61.2519	5.09841	31.2034	3.44491
61.6116	5.68859	30.0055	3.23494
61.9712	6.35485	28.7384	3.04034
62.3309	7.10387	27.4266	2.86026
62.6905	7.94235	26.092	2.69392
63.0501	8.87676	24.7533	2.54063
63.3713	9.79726	23.567	2.41427
63.6925	10.8029	22.3991	2.29743
64.0137	11.8967	21.2569	2.18978
64.3348	13.081	20.1463	2.09104
64.656	14.3567	19.0717	2.00097
64.9772	15.7235	18.0363	1.9194
65.2984	17.1792	17.0424	1.8462
65.6195	18.7197	16.0912	1.7813
65.9407	20.3388	15.1835	1.72472
66.275	22.0979	14.2848	1.67472
66.6093	23.9196	13.4327	1.63394
66.9559	25.8578	12.5972	1.60165
67.3026	27.8245	11.8093	1.57991
67.6667	29.8931	11.0315	1.56899
68.0308	31.9321	10.3023	1.57099
68.3949	33.9053	9.61961	1.58683
68.7591	35.7739	8.98105	1.61759
69.1232	37.4984	8.38429	1.66461
69.4873	39.0399	7.82698	1.72941
69.8514	40.362	7.30687	1.81382
70.2155	41.4329	6.82173	1.91994
70.5796	42.2269	6.36944	2.05018
70.9073	42.6905	5.98882	2.19027
71.2349	42.9096	5.63175	2.35439
71.5626	42.8848	5.29687	2.54508
71.8903	42.6227	4.9829	2.76515
72.2179	42.1361	4.68865	3.01771
72.5456	41.4428	4.41296	3.30619
72.8733	40.5644	4.15476	3.63434
73.201	39.5254	3.91304	4.00622
73.5286	38.3516	3.68685	4.42624
73.8563	37.0691	3.47531	4.89909
74.184	35.7033	3.27758	5.42977
74.5116	34.278	3.09289	6.02353
74.8393	32.8149	2.92055	6.68582
75.167	31.3334	2.75988	7.42219
75.4946	29.8502	2.61029	8.23825
75.8223	28.3795	2.47122	9.13947
76.15	26.9331	2.34218	10.1311
76.4776	25.5203	2.22272	11.2179
76.8053	24.1484	2.11245	12.404
77.133	22.8232	2.01102	13.6926
77.4606	21.5484	1.91815	15.0858
77.7883	20.3267	1.83359	16.5841
78.116	19.1597	1.75717	18.1864
78.4436	18.0478	1.68876	19.8892
78.7713	16.9911	1.6283	21.6871
79.099	15.9887	1.57578	23.5717
79.4385	15.0062	1.52981	25.604
79.778	14.0793	1.49258	27.7016
80.1333	13.1663	1.46325	29.9463
80.4887	12.3095	1.44414	32.2154
80.8572	11.4776	1.43567	34.5617
81.2256	10.7004	1.43947	36.8641
81.5941	9.97477	1.45643	39.0816
81.9626	9.29789	1.48765	41.1709
82.3311	8.66683	1.53443	43.0881
82.6996	8.07879	1.5983	44.7899
83.0681	7.53108	1.68107	46.2361
83.3981	7.07264	1.77297	47.2856
83.7282	6.64275	1.88342	48.0813
84.0582	6.23972	2.01438	48.6088
84.3883	5.86198	2.16804	48.8603
84.7183	5.50803	2.34686	48.835
85.0484	5.17644	2.55357	48.5397
85.3784	4.86587	2.79123	47.9878
85.7085	4.57507	3.06318	47.1989
86.0385	4.30285	3.37314	46.197
86.3686	4.04809	3.72514	45.0099
86.6986	3.80977	4.12358	43.6668
87.0287	3.5869	4.57319	42.1977
87.3587	3.37859	5.07906	40.6319
87.6888	3.18397	5.64657	38.9969
88.0188	3.00228	6.28139	37.318
88.3489	2.83278	6.98938	35.6176
88.679	2.6748	7.77654	33.9153
89.009	2.52773	8.64891	32.2276
89.3391	2.39101	9.61239	30.5681
89.6691	2.26413	10.6726	28.9478
89.9992	2.14662	11.8348	27.3751
90.3292	2.03809	13.1034	25.8565
90.6593	1.93817	14.4819	24.3966
90.9893	1.84656	15.9726	22.9983
91.3194	1.76301	17.5762	21.6633
91.6494	1.68731	19.2916	20.3923
91.9795	1.61933	21.1156	19.185
92.3095	1.55898	23.0424	18.0406
92.6396	1.50622	25.0635	16.9577
92.9811	1.45966	27.2422	15.8999
93.3226	1.42139	29.4936	14.9037
93.6814	1.39033	31.9152	13.921
94.0401	1.36897	34.3684	13.0004
94.3989	1.35777	36.8217	12.1388
94.7576	1.3573	39.2401	11.3331
95.1164	1.3683	41.5854	10.5802
95.4751	1.39166	43.8169	9.87695
95.8339	1.42845	45.8927	9.22042
96.1926	1.47991	47.7708	8.60778
96.5514	1.54752	49.4111	8.03628
96.9101	1.63301	50.7769	7.50333
97.2689	1.73835	51.8368	7.00649
97.6276	1.8658	52.567	6.5434
97.9864	2.01797	52.9527	6.1119
98.3451	2.19778	52.9891	5.7099
98.7039	2.40857	52.6825	5.33549
99.0626	2.65407	52.049	4.98683
99.385	2.90769	51.2217	4.69412
99.7073	3.19606	50.1746	4.41969
100.03	3.52282	48.9346	4.16246
100.352	3.89198	47.5308	3.92141
100.674	4.30784	45.993	3.6956
100.997	4.77504	44.3506	3.48412
101.319	5.29854	42.6316	3.28617
101.642	5.88355	40.8619	3.10095
101.964	6.53555	39.0648	2.92776
102.286	7.2602	37.2607	2.76592
102.609	8.06327	35.4671	2.61483
102.931	8.95054	33.6986	2.47391
103.253	9.92766	31.9671	2.34265
103.576	11	30.2821	2.22056
103.898	12.1727	28.6507	2.10724
104.22	13.4498	27.0783	2.00229
104.543	14.835	25.5686	1.90537
104.865	16.3304	24.1238	1.8162
105.187	17.9371	22.745	1.73453
105.51	19.6543	21.4324	1.66016
105.832	21.4793	20.1855	1.59293
106.155	23.4074	19.003	1.53275
106.489	25.5089	17.8425	1.4777
106.823	27.7023	16.7475	1.43018
107.173	30.0761	15.6711	1.38867
107.522	32.5144	14.6604	1.35561
107.892	35.136	13.6599	1.33015
108.261	37.7696	12.7258	1.31485
108.631	40.3776	11.8543	1.31028
109	42.9188	11.0418	1.31716
109.369	45.3487	10.2847	1.33635
109.739	47.6212	9.57947	1.36892
110.108	49.6896	8.92293	1.41614
110.478	51.5083	8.31189	1.47951
110.847	53.0351	7.74336	1.56078
111.176	54.1179	7.27123	1.64973
111.504	54.92	6.82862	1.75608
111.833	55.427	6.41375	1.88169
112.161	55.6312	6.02495	2.02865
112.49	55.5325	5.66064	2.19929
112.818	55.1385	5.31933	2.39624
113.147	54.4642	4.99962	2.62241
113.475	53.5309	4.70021	2.88101
113.804	52.365	4.41985	3.1756
114.132	50.9967	4.15739	3.51007
114.461	49.4582	3.91176	3.88868
114.789	47.7822	3.68193	4.31603
115.118	46.0009	3.46696	4.79707
115.446	44.1446	3.26598	5.33711
115.775	42.2412	3.07816	5.94174
116.103	40.3154	2.90274	6.61686
116.432	38.3887	2.73902	7.36854
116.76	36.4796	2.58634	8.20297
117.089	34.6029	2.44412	9.12638
117.417	32.771	2.31179	10.1449
117.746	30.9932	2.18887	11.2642
118.074	29.2766	2.0749	12.4897
118.403	27.6264	1.96948	13.8259
118.731	26.0457	1.87226	15.2765
119.06	24.5364	1.78293	16.8439
119.388	23.0994	1.70123	18.5289
119.717	21.7342	1.62696	20.3305
120.045	20.4399	1.55995	22.2456
120.374	19.2149	1.5001	24.2687
120.702	18.0573	1.44736	26.3916
121.046	16.916	1.3998	28.7067
121.39	15.8429	1.3601	31.1028
121.751	14.7832	1.32695	33.6919
122.113	13.792	1.30297	36.3214
122.475	12.8657	1.28855	38.9594
122.837	12.0006	1.28421	41.5704
123.199	11.1931	1.2906	44.1149
123.561	10.4397	1.30854	46.5511
123.922	9.73707	1.33898	48.8351
124.284	9.08208	1.38309	50.9227
124.646	8.47165	1.44223	52.7706
125.008	7.90291	1.518	54.3382
125.37	7.37313	1.61224	55.5896
125.731	6.87976	1.72707	56.4959
126.093	6.42037	1.86495	57.0368
126.418	6.03544	2.01045	57.2029
126.742	5.67449	2.17898	57.0676
127.067	5.33608	2.37304	56.6391
127.391	5.01885	2.59543	55.9323
127.716	4.72152	2.84925	54.9686
128.04	4.44289	3.13791	53.7739
128.365	4.18184	3.46514	52.3781
128.689	3.93732	3.83503	50.8129
129.014	3.70834	4.25199	49.1105
129.338	3.49397	4.72077	47.3026
129.663	3.29337	5.24647	45.4193
129.987	3.10572	5.83447	43.4879
130.312	2.93028	6.49044	41.5332
130.636	2.76637	7.22023	39.5766
130.961	2.61334	8.02987	37.6364
131.285	2.47059	8.92539	35.7278
131.61	2.3376	9.91278	33.863
131.934	2.21387	10.9978	32.0517
132.258	2.09895	12.1857	30.301
132.583	1.99243	13.4813	28.6163
132.907	1.89396	14.8884	27.001
133.232	1.80323	16.4098	25.4572
133.556	1.71997	18.047	23.9857
133.881	1.64395	19.7998	22.5865
134.205	1.575	21.6659	21.2586
134.53	1.513	23.6412	20.0006
134.854	1.45786	25.7188	18.8105
135.195	1.40733	28.0007	17.6314
135.536	1.36437	30.3709	16.522
135.894	1.32752	32.9374	15.4279
136.252	1.29939	35.5571	14.4037
136.63	1.27951	38.3457	13.3952
137.007	1.27019	41.1226	12.456
137.385	1.27209	43.8447	11.582
137.763	1.28605	46.4654	10.769
138.14	1.31307	48.9352	10.013
138.518	1.3544	51.2038	9.31049
138.853	1.40429	53.0095	8.72836
139.189	1.4678	54.5836	8.18317
139.524	1.54633	55.8956	7.67268
139.859	1.64145	56.9195	7.19476
140.195	1.75494	57.6349	6.74742
140.53	1.88885	58.0287	6.32877
140.866	2.04544	58.0956	5.93701
141.201	2.2273	57.8389	5.57049
141.536	2.4373	57.2703	5.22762
141.872	2.67863	56.4093	4.90694
142.207	2.95484	55.2821	4.60705
142.543	3.26984	53.9198	4.32667
142.878	3.62792	52.3568	4.06458
143.213	4.03376	50.6292	3.81965
143.549	4.49244	48.7727	3.59082
143.884	5.0094	46.8218	3.37712
144.22	5.59048	44.8085	3.17762
144.555	6.24181	42.7614	2.99148
144.89	6.96984	40.7059	2.81791
145.226	7.78117	38.6632	2.65617
145.561	8.68251	36.6514	2.50561
145.897	9.68054	34.6848	2.3656
146.232	10.7817	32.7747	2.23559
146.568	11.9921	30.9296	2.11507
146.903	13.3171	29.1555	2.00358
147.238	14.7612	27.4566	1.90072
147.574	16.3278	25.8353	1.80612
147.909	18.0186	24.2924	1.7195
148.245	19.8337	22.8279	1.6406
148.58	21.7708	21.4407	1.56921
148.915	23.8252	20.1292	1.5052
149.251	25.9895	18.8911	1.44848
149.586	28.2533	17.7239	1.39902
149.936	30.7027	16.5803	1.35525
150.285	33.2261	15.5072	1.31951
150.655	35.9515	14.4445	1.29065
151.025	38.7018	13.4528	1.27137
151.394	41.4405	12.528	1.26214
151.764	44.127	11.666	1.26357
152.134	46.7174	10.8631	1.27643
152.504	49.1655	10.1155	1.30167
152.873	51.4238	9.41968	1.34042
153.243	53.4449	8.77219	1.39402
153.613	55.1839	8.16987	1.46406
153.944	56.4667	7.66702	1.5421
154.274	57.4664	7.19584	1.63628
154.605	58.1638	6.7544	1.7483
154.936	58.5463	6.3409	1.8801
155.266	58.6091	5.95361	2.03389
155.597	58.3552	5.59093	2.21211
155.928	57.7958	5.25134	2.4175
156.259	56.9495	4.93343	2.65311
156.589	55.8412	4.63585	2.92231
156.92	54.5007	4.35736	3.22883
157.251	52.961	4.09678	3.57673
157.581	51.2569	3.85303	3.97046
157.912	49.4229	3.62507	4.41483
158.243	47.4925	3.41196	4.91504
158.573	45.497	3.2128	5.47661
158.904	43.4646	3.02677	6.10539
159.235	41.42	2.85311	6.80751
159.565	39.3848	2.69109	7.58929
159.896	37.3767	2.54008	8.45717
160.227	35.4104	2.39946	9.41758
160.557	33.4972	2.26868	10.4768
160.888	31.6461	2.14725	11.6408
161.219	29.8635	2.03471	12.915
161.55	28.1536	1.93065	14.304
161.88	26.5193	1.83473	15.8115
162.211	24.9619	1.74663	17.4396
162.542	23.4814	1.66609	19.1891
162.872	22.0771	1.59291	21.0587
163.203	20.7477	1.52692	23.0449
163.534	19.491	1.46802	25.1416
163.864	18.3048	1.41615	27.3401
164.21	17.1363	1.36942	29.7363
164.556	16.0388	1.33047	32.214
164.921	14.9537	1.29797	34.8947
165.286	13.9399	1.2746	37.6142
165.652	12.9934	1.26075	40.3393
166.017	12.1103	1.25695	43.0326
166.382	11.2868	1.26387	45.6533
166.747	10.5192	1.28232	48.1578
167.112	9.80404	1.31329	50.5007
167.477	9.13785	1.35797	52.6361
167.842	8.5175	1.41774	54.5193
168.208	7.93998	1.49423	56.1084
168.573	7.40244	1.58933	57.3664
168.901	6.9515	1.69239	58.1896
169.229	6.52885	1.81402	58.7065
169.557	6.13276	1.95623	58.9089
169.885	5.76162	2.1213	58.7963
170.213	5.41389	2.31176	58.3762
170.541	5.08817	2.53045	57.6634
170.868	4.78308	2.78049	56.6795
171.196	4.49739	3.06534	55.4516
171.524	4.2299	3.38881	54.0108
171.852	3.97951	3.75504	52.3903
172.18	3.74518	4.16856	50.6242
172.508	3.52595	4.63421	48.7462
172.836	3.32092	5.15724	46.788
173.164	3.12924	5.74318	44.7788
173.492	2.95014	6.39786	42.7449
173.82	2.78289	7.12737	40.7091
174.148	2.62682	7.93795	38.6907
174.476	2.48131	8.83589	36.7058
174.804	2.3458	9.82745	34.7674
175.132	2.21976	10.9187	32.8855
175.46	2.10274	12.1152	31.0677
175.788	1.9943	13.422	29.3197
176.116	1.89406	14.8434	27.6448
176.444	1.8017	16.3824	26.0453
176.772	1.71693	18.0407	24.5218
177.1	1.63951	19.8185	23.0743
177.428	1.56926	21.7137	21.7016
177.756	1.50603	23.7222	20.4023
178.084	1.44974	25.8372	19.1741
178.424	1.39859	28.136	17.9717
178.765	1.3549	30.5258	16.8404
179.123	1.31711	33.1173	15.7243
179.481	1.28788	35.7659	14.6796
179.86	1.26658	38.6011	13.647
180.239	1.25569	41.4296	12.6857
180.618	1.25585	44.2082	11.7914
180.997	1.26786	46.89	10.9599
181.376	1.29272	49.425	10.187
181.755	1.33162	51.7621	9.46898
182.091	1.37891	53.6247	8.87619
182.427	1.43948	55.2583	8.32105
182.762	1.51467	56.6316	7.80127
183.098	1.606	57.7175	7.31469
183.433	1.71521	58.4944	6.85926
183.769	1.84427	58.9474	6.43305
184.104	1.99542	59.0697	6.03424
184.44	2.17115	58.8631	5.66113
184.775	2.37427	58.3376	5.31211
185.111	2.60789	57.5117	4.98567
185.446	2.87549	56.4106	4.6804
185.782	3.18088	55.065	4.39498
186.118	3.52829	53.5092	4.12818
186.453	3.92229	51.7796	3.87884
186.789	4.36789	49.9127	3.64588
187.124	4.87047	47.9438	3.4283
187.46	5.43577	45.9058	3.22516
187.795	6.0699	43.8285	3.03559
188.131	6.77925	41.7383	2.85878
188.466	7.57043	39.6577	2.694
188.802	8.45017	37.6054	2.54055
189.137	9.42523	35.5967	2.39781
189.473	10.5022	33.6436	2.26519
189.809	11.6873	31.7552	2.14217
190.144	12.9861	29.9383	2.02829
190.48	14.4036	28.1972	1.92311
190.815	15.9435	26.5346	1.82628
191.151	17.6081	24.9519	1.73747
191.486	19.3979	23.4489	1.6564
191.822	21.3115	22.0248	1.58287
192.157	23.3449	20.678	1.51672
192.493	25.4917	19.4064	1.45783
192.829	27.7422	18.2073	1.40615
193.176	30.1659	17.0403	1.3603
193.523	32.6695	15.9446	1.32226
193.89	35.3787	14.8602	1.29074
194.257	38.1233	13.8476	1.26845
194.623	40.8688	12.9026	1.25579
194.99	43.5768	12.0213	1.25333
195.357	46.2054	11.1999	1.26174
195.724	48.7101	10.4345	1.28189
196.091	51.0445	9.72165	1.31479
196.458	53.1623	9.05794	1.36167
196.825	55.0182	8.44016	1.42397
197.192	56.5702	7.86525	1.50338
197.522	57.6766	7.38229	1.59103
197.852	58.4861	6.92976	1.69574
198.182	58.9836	6.5058	1.81933
198.512	59.1613	6.10866	1.9639
198.842	59.0193	5.73669	2.13176
199.172	58.5658	5.38835	2.32553
199.502	57.8168	5.06218	2.54812
199.832	56.7948	4.75683	2.80274
200.162	55.5281	4.471	3.09295
200.492	54.0486	4.20351	3.42266
200.823	52.3907	3.95323	3.79614
201.153	50.5892	3.71911	4.21803
201.483	48.6783	3.50017	4.69334
201.813	46.6902	3.29551	5.22742
202.143	44.6543	3.10428	5.82599
202.473	42.5971	2.92568	6.49503
202.803	40.5412	2.75898	7.24076
203.133	38.506	2.60351	8.06957
203.463	36.5073	2.45865	8.98789
203.793	34.5579	2.32382	10.0021
204.123	32.6677	2.19851	11.1183
204.453	30.8439	2.08224	12.3421
204.783	29.0918	1.97459	13.6786
205.114	27.4148	1.87518	15.1319
205.444	25.8146	1.78369	16.705
205.774	24.2918	1.69982	18.3992
206.104	22.8461	1.62335	20.2144
206.434	21.4763	1.55409	22.1481
206.764	20.1805	1.49192	24.1955
207.094	18.9566	1.43674	26.3493
207.436	17.761	1.3869	28.6835
207.778	16.6367	1.3446	31.1064
208.139	15.5265	1.30832	33.733
208.499	14.488	1.28073	36.4119
208.876	13.4726	1.26151	39.2421
209.254	12.5273	1.2527	42.0577
209.631	11.6476	1.25496	44.8152
210.009	10.8294	1.26911	47.4676
210.386	10.0689	1.29617	49.9653
210.764	9.36209	1.33736	52.2576
211.099	8.77598	1.387	54.0824
211.435	8.22713	1.45014	55.6717
211.77	7.71326	1.52815	56.9948
212.106	7.23224	1.62259	58.0254
212.442	6.78203	1.73524	58.7431
212.777	6.36072	1.86811	59.1344
213.113	5.96651	2.0235	59.1942
213.448	5.59771	2.20394	58.9256
213.784	5.25274	2.41229	58.3404
214.119	4.9301	2.65174	57.4584
214.455	4.6284	2.92582	56.3061
214.791	4.34633	3.23843	54.9149
215.126	4.08267	3.59383	53.3199
215.462	3.83627	3.99671	51.5575
215.797	3.60608	4.45211	49.6643
216.133	3.39109	4.9655	47.6753
216.469	3.19039	5.5427	45.6228
216.804	3.00312	6.18986	43.5363
217.14	2.82847	6.91342	41.4413
217.475	2.66573	7.72004	39.3596
217.811	2.5142	8.61646	37.3096
218.146	2.37327	9.60942	35.3057
218.482	2.24237	10.7055	33.3595
218.818	2.12098	11.9108	31.4797
219.153	2.00864	13.2308	29.6724
219.489	1.90495	14.6704	27.9418
219.824	1.80953	16.233	26.2902
220.16	1.72208	17.9206	24.7187
220.495	1.64233	19.7334	23.2272
220.831	1.57008	21.6697	21.8144
221.167	1.50518	23.725	20.4788
221.502	1.44752	25.8923	19.218
221.838	1.39706	28.1616	18.0295
222.186	1.3523	30.6131	16.8682
222.535	1.31544	33.1419	15.7783
222.904	1.28524	35.8766	14.6991
223.273	1.26442	38.6415	13.6918
223.642	1.25342	41.401	12.7523
224.011	1.25282	44.1154	11.8766
224.379	1.26334	46.7415	11.0607
224.748	1.28589	49.2336	10.3009
225.117	1.32154	51.5446	9.59351
225.486	1.37157	53.6272	8.93521
225.855	1.4375	55.4361	8.32272
226.224	1.52107	56.9295	7.753
226.552	1.61186	57.9633	7.28001
226.88	1.71986	58.6998	6.83665
227.208	1.84693	59.1255	6.42112
227.536	1.99515	59.2346	6.03173
227.864	2.16688	59.0288	5.66688
228.192	2.36472	58.5177	5.32508
228.52	2.59158	57.7183	5.00491
228.848	2.8507	56.654	4.70505
229.176	3.1456	55.3533	4.42427
229.504	3.4802	53.8482	4.16139
229.832	3.85874	52.1725	3.91533
230.16	4.28583	50.3605	3.68507
230.488	4.76644	48.4454	3.46967
230.816	5.30589	46.4586	3.26823
231.144	5.90981	44.4285	3.07994
231.472	6.58411	42.3806	2.90403
231.8	7.33493	40.3368	2.73978
232.128	8.16855	38.3156	2.58654
232.456	9.09128	36.3321	2.44371
232.784	10.1093	34.3985	2.31073
233.112	11.2287	32.5243	2.18709
233.44	12.4549	30.7165	2.07234
233.767	13.7927	28.9799	1.96607
234.095	15.2462	27.3176	1.8679
234.423	16.8182	25.7315	1.77751
234.751	18.5099	24.2219	1.69465
235.079	20.3209	22.7885	1.61907
235.407	22.2488	21.4299	1.5506
235.735	24.2889	20.1445	1.48912
236.063	26.4337	18.93	1.43454
236.406	28.7746	17.7346	1.38488
236.748	31.2038	16.6106	1.34277
237.109	33.8365	15.501	1.30672
237.47	36.5209	14.4631	1.27937
237.847	39.3512	13.4499	1.26046
238.224	42.1656	12.5066	1.25195
238.601	44.9208	11.6288	1.25451
238.979	47.5696	10.8125	1.26897
239.356	50.0625	10.0535	1.29634
239.733	52.3489	9.34821	1.33785
240.069	54.1687	8.76296	1.38782
240.404	55.7519	8.21491	1.45132
240.74	57.0681	7.7018	1.52971
241.076	58.091	7.22149	1.62458
241.411	58.8003	6.77195	1.7377
241.747	59.1829	6.35127	1.8711
242.082	59.2336	5.95765	2.02706
242.418	58.9561	5.58941	2.20814
242.753	58.3622	5.24496	2.41721
243.089	57.4719	4.92281	2.65745
243.425	56.3119	4.62157	2.93241
243.76	54.9138	4.33994	3.24599
244.096	53.3127	4.07668	3.60247
244.431	51.5451	3.83067	4.00655
244.767	49.6475	3.60083	4.46328
245.103	47.6549	3.38618	4.97813
245.438	45.5997	3.1858	5.55693
245.774	43.5111	2.99882	6.20586
246.109	41.4147	2.82446	6.93134
246.445	39.3322	2.66198	7.74005
246.78	37.2816	2.5107	8.63874
247.116	35.2777	2.37	9.63413
247.452	33.3318	2.23932	10.7328
247.787	31.4524	2.11814	11.9408
248.123	29.6458	2.00601	13.2638
248.458	27.916	1.9025	14.7064
248.794	26.2654	1.80726	16.272
249.13	24.6949	1.71999	17.9628
249.465	23.2044	1.64041	19.7789
249.801	21.7927	1.56832	21.7183
250.136	20.4582	1.50357	23.7767
250.472	19.1985	1.44607	25.9469
250.807	18.011	1.39576	28.2189
251.156	16.85	1.35113	30.6744
251.505	15.7606	1.31442	33.2068
251.874	14.6818	1.28438	35.9452
252.243	13.6749	1.26374	38.7133
252.613	12.7359	1.25293	41.4751
252.982	11.8607	1.25256	44.1909
253.351	11.0453	1.26334	46.8172
253.72	10.286	1.28617	49.3083
254.089	9.57918	1.32215	51.6169
254.458	8.92141	1.37256	53.6956
254.827	8.30946	1.43892	55.4991
255.159	7.79565	1.51369	56.8515
255.491	7.31434	1.60427	57.9212
255.823	6.86352	1.71236	58.6874
256.155	6.44134	1.83986	59.1358
256.487	6.04603	1.98893	59.2597
256.819	5.67593	2.16199	59.0606
257.152	5.32948	2.36173	58.5482
257.484	5.00522	2.59118	57.7402
257.816	4.70178	2.85366	56.6606
258.148	4.41786	3.15287	55.3392
258.48	4.15227	3.49285	53.809
258.812	3.90388	3.87802	52.1054
259.144	3.67163	4.31318	50.2637
259.476	3.45454	4.80351	48.3184
259.808	3.25171	5.35454	46.3019
260.14	3.06228	5.97214	44.2434
260.472	2.88545	6.66247	42.169
260.804	2.7205	7.43191	40.101
261.136	2.56676	8.28699	38.0583
261.468	2.4236	9.23424	36.0562
261.8	2.29046	10.2801	34.1068
262.132	2.16681	11.4307	32.2197
262.464	2.0522	12.6917	30.4015
262.796	1.94619	14.0679	28.657
263.128	1.84843	15.5634	26.9893
263.46	1.75858	17.1806	25.3998
263.792	1.67638	18.9206	23.8887
264.124	1.60159	20.7825	22.4554
264.456	1.53406	22.7633	21.0985
264.788	1.47366	24.8573	19.8161
265.12	1.42031	27.0562	18.6056
265.465	1.37241	29.4375	17.4224
265.809	1.33216	31.9035	16.3108
266.173	1.29816	34.5747	15.2119
266.536	1.27309	37.2903	14.1849
266.9	1.25733	40.0183	13.2257
267.263	1.25136	42.7226	12.3305
267.627	1.2558	45.3634	11.4953
267.99	1.27143	47.8982	10.7166
268.354	1.29918	50.2824	9.99076
268.718	1.34015	52.4707	9.31444
269.081	1.39568	54.4184	8.68445
269.445	1.46729	56.0832	8.09775
269.808	1.55678	57.4272	7.55148
270.172	1.66621	58.419	7.04297
270.498	1.78347	58.9906	6.61627
270.825	1.92068	59.25	6.21628
271.151	2.08004	59.1953	5.84137
271.478	2.26399	58.8323	5.49001
271.805	2.47526	58.1743	5.16078
272.131	2.71687	57.2414	4.85232
272.458	2.99218	56.0595	4.56338
272.784	3.30484	54.6586	4.29275
273.111	3.65887	53.0715	4.03934
273.437	4.05866	51.3318	3.80211
273.764	4.50891	49.4731	3.58008
274.09	5.0147	47.5275	3.37234
274.417	5.58144	45.5245	3.17806
274.744	6.21482	43.491	2.99644
275.07	6.92078	41.4504	2.82676
275.397	7.70547	39.4228	2.66834
275.723	8.5751	37.4248	2.52055
276.05	9.53589	35.4702	2.38282
276.376	10.5939	33.5697	2.25463
276.703	11.7548	31.7313	2.13549
277.03	13.0239	29.9612	2.02497
277.356	14.4055	28.2633	1.92269
277.683	15.9031	26.64	1.8283
278.009	17.5189	25.0926	1.74152
278.336	19.2535	23.621	1.66208
278.662	21.1057	22.2245	1.58979
278.989	23.0722	20.9016	1.52448
279.316	25.1471	19.6503	1.46606
279.654	27.4007	18.4279	1.41277
279.992	29.7494	17.277	1.3668
280.347	32.2989	16.1428	1.3265
280.701	34.9135	15.0802	1.29449
281.078	37.7321	14.026	1.26987
281.455	40.5581	13.044	1.25531
281.832	43.3504	12.1298	1.2514
282.208	46.064	11.2793	1.25885
282.585	48.6509	10.4883	1.27857
282.962	51.0611	9.75309	1.31166
283.339	53.2442	9.06983	1.35942
283.672	54.9472	8.50577	1.41517
284.006	56.4022	7.9774	1.48487
284.339	57.581	7.48255	1.56995
284.673	58.4605	7.01916	1.67206
285.006	59.0236	6.58531	1.79304
285.339	59.261	6.17916	1.93499
285.673	59.171	5.799	2.10025
286.006	58.7609	5.44322	2.29148
286.34	58.0458	5.11031	2.5116
286.673	57.0482	4.79883	2.76389
287.007	55.7962	4.50747	3.05197
287.34	54.3227	4.23497	3.3798
287.674	52.6628	3.98016	3.75175
288.007	50.8525	3.74197	4.17256
288.34	48.9271	3.51937	4.64735
288.674	46.9202	3.31142	5.18161
289.007	44.8624	3.11724	5.78119
289.341	42.7811	2.936	6.45225
289.674	40.7001	2.76695	7.2012
290.008	38.6395	2.60939	8.0346
290.341	36.6157	2.46268	8.9591
290.674	34.6421	2.32623	9.98125
291.008	32.7288	2.19949	11.1074
291.341	30.8834	2.08198	12.3433
291.675	29.1114	1.97327	13.6943
292.008	27.4161	1.87296	15.1646
292.342	25.7994	1.78071	16.7571
292.675	24.2619	1.69624	18.4735
293.008	22.8031	1.6193	20.3132
293.342	21.4217	1.54972	22.2737
293.675	20.1159	1.48734	24.3501
294.009	18.8834	1.4321	26.5345
294.342	17.7214	1.38397	28.8163
294.693	16.5706	1.34101	31.3101
295.045	15.4913	1.30609	33.8766
295.417	14.4222	1.27814	36.6478
295.789	13.4252	1.25982	39.4402
296.161	12.4959	1.25165	42.2162
296.533	11.6305	1.25425	44.9338
296.905	10.8247	1.26842	47.548
297.277	10.0749	1.29513	50.0111
297.649	9.37737	1.33556	52.2746
298.021	8.72868	1.39108	54.2905
298.355	8.18604	1.45502	55.8495
298.688	7.67779	1.53375	57.143
299.022	7.20184	1.62883	58.1456
299.356	6.7562	1.74202	58.8377
299.689	6.33901	1.87532	59.2065
300.023	5.9485	2.03098	59.2476
300.356	5.58302	2.21151	58.9643
300.69	5.24101	2.41975	58.3689
301.023	4.92102	2.65882	57.481
301.357	4.62167	2.9322	56.3266
301.69	4.34168	3.24373	54.9371
302.024	4.07987	3.59762	53.3468
302.357	3.83509	3.99846	51.5916
302.691	3.60632	4.45121	49.7074
303.024	3.39258	4.96125	47.7284
303.358	3.19295	5.53427	45.6867
303.691	3.00659	6.17633	43.6111
304.025	2.83273	6.89374	41.5267
304.359	2.67064	7.69303	39.4551
304.692	2.51965	8.58084	37.4143
305.026	2.37915	9.56378	35.4187
305.359	2.24858	10.6483	33.4798
305.693	2.12743	11.8404	31.6062
306.026	2.01525	13.1457	29.804
306.36	1.91163	14.5688	28.0775
306.693	1.8162	16.1133	26.4291
307.027	1.72867	17.7812	24.8598
307.36	1.64876	19.5729	23.3695
307.694	1.57627	21.4868	21.9574
308.027	1.51105	23.519	20.6216
308.361	1.45299	25.6626	19.3602
308.694	1.40204	27.9083	18.1704
309.042	1.35652	30.3446	17.0033
309.39	1.31884	32.8602	15.9077
309.758	1.28773	35.5814	14.8234
310.125	1.26587	38.3364	13.8111
310.493	1.25371	41.0904	12.8667
310.86	1.25179	43.8045	11.986
311.228	1.26082	46.4365	11.1653
311.596	1.28166	48.9412	10.4008
311.963	1.31535	51.2722	9.68885
312.331	1.36314	53.3827	9.0261
312.699	1.42648	55.2272	8.4093
313.066	1.50708	56.764	7.8354
313.396	1.59557	57.8494	7.3553
313.725	1.70113	58.6376	6.90538
314.054	1.82561	59.114	6.48381
314.384	1.97108	59.2713	6.08886
314.713	2.13988	59.1102	5.7189
315.042	2.33461	58.6392	5.3724
315.372	2.55817	57.8746	5.04791
315.701	2.81378	56.8392	4.74408
316.031	3.10499	55.5612	4.45964
316.36	3.4357	54.0728	4.19342
316.689	3.81016	52.408	3.94429
317.019	4.23301	50.6016	3.71122
317.348	4.70922	48.6874	3.49323
317.677	5.24415	46.6975	3.28944
318.007	5.84346	44.6611	3.09898
318.336	6.51312	42.6041	2.92108
318.665	7.25933	40.5493	2.75502
318.995	8.08842	38.5157	2.60012
319.324	9.00679	36.5189	2.45577
319.654	10.0208	34.5716	2.3214
319.983	11.1364	32.6835	2.19649
320.312	12.3594	30.8618	2.08058
320.642	13.6947	29.1118	1.97324
320.971	15.1463	27.4366	1.8741
321.3	16.7173	25.8381	1.78284
321.63	18.409	24.3169	1.69917
321.959	20.2212	22.8726	1.62286
322.289	22.1515	21.5039	1.55373
322.618	24.1951	20.209	1.49164
322.947	26.3449	18.9859	1.43652
323.289	28.6796	17.7884	1.3866
323.632	31.1033	16.6624	1.34421
323.992	33.7307	15.5506	1.30783
324.352	36.4109	14.5106	1.28013
324.73	39.2444	13.4933	1.26077
325.107	42.0638	12.5461	1.25181
325.485	44.8255	11.6647	1.2539
325.862	47.4826	10.8451	1.26788
326.24	49.9855	10.0831	1.29474
326.618	52.2835	9.37502	1.33571
326.953	54.113	8.78805	1.38513
327.289	55.7073	8.2384	1.44801
327.624	57.0356	7.72379	1.52573
327.96	58.0717	7.24206	1.61984
328.296	58.7948	6.7912	1.73213
328.631	59.1915	6.36927	1.8646
328.967	59.2564	5.97449	2.01952
329.302	58.9925	5.60516	2.19944
329.638	58.4116	5.25969	2.40721
329.974	57.5332	4.93658	2.64601
330.309	56.3837	4.63444	2.91937
330.645	54.9947	4.35196	3.23117
330.98	53.401	4.08792	3.58567
331.316	51.6392	3.84116	3.98755
331.651	49.7459	3.61063	4.44186
331.987	47.7561	3.39533	4.95403
332.323	45.7023	3.19433	5.5299
332.658	43.614	3.00678	6.17561
332.994	41.5167	2.83187	6.8976
333.329	39.4326	2.66888	7.70251
333.665	37.3797	2.51712	8.59711
334.001	35.3729	2.37596	9.58812
334.336	33.4237	2.24485	10.6821
334.672	31.5408	2.12326	11.8852
335.007	29.7304	2.01073	13.2031
335.343	27.9968	1.90685	14.6404
335.678	26.3422	1.81125	16.2006
336.014	24.7679	1.72362	17.8859
336.35	23.2735	1.6437	19.6966
336.685	21.858	1.57128	21.6307
337.021	20.5198	1.50621	23.6841
337.356	19.2566	1.44838	25.8498
337.692	18.0657	1.39775	28.1177
338.04	16.9026	1.35282	30.5668
338.389	15.8111	1.31579	33.0937
338.758	14.7303	1.28538	35.8267
339.126	13.7216	1.26433	38.5908
339.495	12.7806	1.25306	41.3504
339.863	11.9035	1.25216	44.0661
340.232	11.0862	1.26235	46.6947
340.601	10.3251	1.2845	49.1909
340.969	9.61649	1.31971	51.5074
341.338	8.95699	1.36922	53.5973
341.707	8.34336	1.43455	55.415
342.075	7.77253	1.51745	56.9187
342.404	7.29792	1.60768	57.9643
342.732	6.85306	1.7151	58.7125
343.06	6.43614	1.84153	59.1497
343.388	6.04547	1.98908	59.2696
343.717	5.67945	2.16008	59.0738
344.045	5.33656	2.35715	58.5715
344.373	5.01539	2.58318	57.7797
344.701	4.71461	2.84139	56.7217
345.03	4.43297	3.13535	55.4257
345.358	4.16931	3.46893	53.9239
345.686	3.92254	3.84639	52.2502
346.014	3.69162	4.27234	50.4389
346.343	3.47561	4.75175	48.5234
346.671	3.27361	5.28995	46.5353
346.999	3.08481	5.89257	44.5031
347.328	2.90842	6.56554	42.4524
347.656	2.74374	7.31499	40.4054
347.984	2.5901	8.14724	38.3806
348.312	2.4469	9.06859	36.3933
348.641	2.31358	10.0853	34.4559
348.969	2.18963	11.2034	32.5778
349.297	2.07459	12.4283	30.766
349.625	1.96804	13.7651	29.0257
349.954	1.86962	15.2177	27.3598
350.282	1.77902	16.7888	25.7701
350.61	1.69594	18.48	24.2572
350.939	1.62016	20.2907	22.8206
351.267	1.55151	22.2186	21.4591
351.595	1.48986	24.259	20.171
351.923	1.43512	26.4045	18.9539
352.266	1.38536	28.7435	17.7574
352.608	1.34314	31.1712	16.6325
352.969	1.30697	33.8024	15.5218
353.329	1.27949	36.4857	14.4829
353.707	1.2604	39.3177	13.468
354.084	1.25172	42.1345	12.5231
354.461	1.25409	44.8927	11.6438
354.839	1.26836	47.5451	10.8261
355.216	1.29553	50.0423	10.0659
355.593	1.33682	52.3336	9.35945
355.929	1.38656	54.1575	8.77347
356.265	1.44981	55.7453	8.22474
356.6	1.52793	57.0664	7.711
356.936	1.62249	58.0946	7.23009
357.271	1.73527	58.8095	6.77999
357.607	1.86828	59.1977	6.35879
357.943	2.02381	59.2541	5.96468
358.278	2.20442	58.9818	5.59599
358.614	2.41295	58.393	5.2511
358.949	2.65259	57.5072	4.92855
359.285	2.92689	56.3512	4.62694
359.62	3.23973	54.9564	4.34494
359.956	3.5954	53.3579	4.08136
360.292	3.99856	51.5923	3.83503
360.627	4.45429	49.696	3.60491
360.963	4.96803	47.7041	3.38998
361.298	5.54562	45.6491	3.18934
361.634	6.19321	43.5602	3.00212
361.97	6.91725	41.463	2.82753
362.305	7.72439	39.3794	2.66483
362.641	8.62139	37.3276	2.51335
362.976	9.61498	35.3221	2.37246
363.312	10.7117	33.3745	2.2416
363.648	11.9177	31.4934	2.12025
363.983	13.2386	29.6849	2.00795
364.319	14.679	27.9533	1.90428
364.654	16.2425	26.3008	1.80889
364.99	17.931	24.7284	1.72147
365.325	19.7449	23.2361	1.64174
365.661	21.6822	21.8226	1.56951
365.997	23.7386	20.4864	1.50463
366.332	25.907	19.225	1.44698
366.668	28.1774	18.036	1.39654
367.016	30.6304	16.874	1.35178
367.365	33.1606	15.7836	1.31492
367.734	35.897	14.7038	1.28473
368.103	38.6636	13.696	1.2639
368.472	41.4248	12.7561	1.2529
368.841	44.1408	11.88	1.25229
369.21	46.7684	11.0637	1.26281
369.579	49.262	10.3035	1.28535
369.948	51.5743	9.59588	1.32098
370.317	53.6581	8.9373	1.371
370.686	55.468	8.32457	1.4369
371.054	56.9622	7.75463	1.52046
371.382	57.9964	7.28157	1.6112
371.71	58.7331	6.83814	1.71915
372.038	59.1591	6.42255	1.84615
372.366	59.2684	6.0331	1.9943
372.694	59.0626	5.66819	2.16594
373.022	58.5515	5.32633	2.36367
373.35	57.752	5.00611	2.59041
373.678	56.6875	4.70619	2.84938
374.006	55.3865	4.42535	3.14413
374.334	53.8809	4.16242	3.47854
374.662	52.2047	3.91631	3.85686
374.99	50.392	3.68601	4.28371
375.318	48.4762	3.47056	4.76405
375.646	46.4886	3.26908	5.3032
375.974	44.4576	3.08074	5.90678
376.302	42.4088	2.90479	6.5807
376.63	40.364	2.7405	7.3311
376.958	38.3417	2.58722	8.16426
377.286	36.3571	2.44435	9.08649
377.614	34.4225	2.31132	10.104
377.942	32.5473	2.18765	11.2228
378.27	30.7384	2.07286	12.4483
378.597	29.0008	1.96654	13.7855
378.925	27.3375	1.86833	15.2384
379.253	25.7504	1.77791	16.8096
379.581	24.2399	1.695	18.5007
379.909	22.8055	1.61938	20.311
380.237	21.4461	1.55087	22.2383
380.565	20.1598	1.48934	24.2777
380.893	18.9445	1.43471	26.4221
381.236	17.7483	1.385	28.7624
381.578	16.6237	1.34283	31.1911
381.939	15.5134	1.30671	33.8235
382.299	14.4748	1.2793	36.5077
382.677	13.4606	1.26029	39.3392
383.054	12.5164	1.25169	42.1553
383.431	11.6377	1.25415	44.9124
383.809	10.8205	1.2685	47.5635
384.186	10.0609	1.29576	50.059
384.563	9.35488	1.33714	52.3483
384.899	8.76919	1.38699	54.1705
385.234	8.22073	1.45034	55.7564
385.57	7.70724	1.52858	57.0755
385.906	7.22658	1.62327	58.1014
386.241	6.7767	1.73619	58.8138
386.577	6.35571	1.86937	59.1995
386.912	5.9618	2.02508	59.2533
387.248	5.59329	2.20588	58.9787
387.583	5.24858	2.41464	58.3875
387.919	4.92619	2.65453	57.4996
388.255	4.62473	2.92911	56.3416
388.59	4.34288	3.24226	54.9451
388.926	4.07943	3.59826	53.3452
389.261	3.83323	4.00181	51.5785
389.597	3.60322	4.45795	49.6813
389.933	3.38841	4.97216	47.6888
390.268	3.18787	5.55025	45.6334
390.604	3.00075	6.1984	43.5444
390.939	2.82625	6.92304	41.4472
391.275	2.66364	7.73084	39.3638
391.611	2.51224	8.62854	37.3123
391.946	2.37143	9.62289	35.3072
392.282	2.24064	10.7204	33.36
392.617	2.11936	11.9273	31.4794
392.953	2.00713	13.2491	29.6716
393.288	1.90353	14.6904	27.9405
393.624	1.8082	16.2548	26.2886
393.96	1.72083	17.9443	24.7169
394.295	1.64117	19.7591	23.2251
394.631	1.56899	21.6973	21.8123
394.966	1.50416	23.7546	20.4766
395.302	1.44657	25.9239	19.2158
395.638	1.39618	28.195	18.0273
395.986	1.35147	30.6491	16.8656
396.335	1.31467	33.1803	15.7755
396.704	1.28454	35.9177	14.696
397.073	1.26378	38.685	13.6885
397.442	1.25285	41.4467	12.7489
397.811	1.25233	44.1628	11.873
398.18	1.26294	46.7901	11.0571
398.549	1.28559	49.2829	10.2972
398.918	1.32136	51.5939	9.58982
399.287	1.37152	53.676	8.93152
399.656	1.4376	55.4836	8.31906
400.025	1.52135	56.9749	7.74937
400.353	1.61224	58.0058	7.27677
400.681	1.72035	58.7391	6.83376
401.009	1.84752	59.1619	6.41856
401.337	1.99584	59.2679	6.02946
401.665	2.16766	59.0593	5.66488
401.992	2.3656	58.5456	5.32333
402.32	2.59255	57.7438	5.00338
402.648	2.85174	56.6774	4.70372
402.976	3.14672	55.3749	4.42311
403.304	3.48137	53.8683	4.1604
403.632	3.85995	52.1913	3.91448
403.96	4.28707	50.3782	3.68436
404.287	4.76768	48.4623	3.46907
404.615	5.30711	46.4748	3.26775
404.943	5.91097	44.4442	3.07955
405.271	6.58517	42.3959	2.90372
405.599	7.33586	40.3518	2.73954
405.927	8.16928	38.3302	2.58637
406.255	9.09177	36.3465	2.44359
406.583	10.1095	34.4127	2.31066
406.91	11.2285	32.5383	2.18707
407.238	12.4542	30.7302	2.07235
407.566	13.7916	28.9934	1.9661
407.894	15.2445	27.331	1.86795
408.222	16.8158	25.7446	1.77758
408.55	18.5068	24.2348	1.69472
408.878	20.317	22.8011	1.61915
409.205	22.2441	21.4422	1.55068
409.533	24.2833	20.1565	1.48918
409.861	26.4272	18.9417	1.43459
410.204	28.7679	17.7456	1.38489
410.546	31.1971	16.6211	1.34274
410.907	33.8297	15.5108	1.30664
411.267	36.5142	14.4724	1.27924
411.645	39.3456	13.4584	1.26026
412.022	42.1615	12.5144	1.25168
412.399	44.9183	11.6359	1.25417
412.777	47.5689	10.8189	1.26855
413.154	50.0639	10.0594	1.29583
413.531	52.3526	9.35352	1.33724
413.867	54.1744	8.76792	1.38711
414.202	55.7597	8.21954	1.4505
414.538	57.0781	7.70613	1.52877
414.874	58.1034	7.22554	1.6235
415.209	58.8151	6.77573	1.73647
415.545	59.2	6.3548	1.86969
415.88	59.2531	5.96095	2.02546
416.216	58.9777	5.59249	2.20632
416.551	58.3858	5.24784	2.41514
416.887	57.4973	4.9255	2.65511
417.223	56.3387	4.62408	2.92976
417.558	54.9418	4.34227	3.243
417.894	53.3414	4.07886	3.59911
418.229	51.5744	3.8327	4.00277
418.565	49.677	3.60272	4.45903
418.901	47.6843	3.38795	4.97338
419.236	45.6288	3.18744	5.55162
419.572	43.5397	3.00035	6.19993
419.907	41.4426	2.82588	6.92476
420.243	39.3592	2.66329	7.73275
420.578	37.3077	2.51192	8.63066
420.914	35.3028	2.37113	9.62523
421.25	33.3558	2.24036	10.723
421.585	31.4753	2.1191	11.9301
421.921	29.6676	2.00689	13.2522
422.256	27.9367	1.90331	14.6938
422.592	26.285	1.808	16.2584
422.928	24.7134	1.72065	17.9482
423.263	23.2219	1.641	19.7633
423.599	21.8092	1.56884	21.7018
423.934	20.4737	1.50402	23.7594
424.27	19.213	1.44645	25.9288
424.605	18.0247	1.39608	28.2002
424.954	16.8631	1.35138	30.6546
425.303	15.7731	1.31459	33.1862
425.672	14.6937	1.28448	35.9238
426.041	13.6863	1.26374	38.6914
426.41	12.7468	1.25284	41.4531
426.779	11.871	1.25234	44.1693
427.148	11.0551	1.26298	46.7965
427.517	10.2953	1.28567	49.2891
427.886	9.58803	1.32147	51.5997
428.255	8.92981	1.37168	53.6813
428.624	8.31742	1.43781	55.4882
428.993	7.74781	1.52162	56.9787
429.321	7.27535	1.61255	58.0085
429.649	6.83247	1.7207	58.7409
429.977	6.41738	1.84792	59.1626
430.305	6.02839	1.9963	59.2678
430.633	5.66391	2.16817	59.0583
430.96	5.32244	2.36617	58.5438
431.288	5.00257	2.59318	57.7414
431.616	4.70299	2.85244	56.6744
431.944	4.42245	3.14748	55.3715
432.272	4.1598	3.48221	53.8645
432.6	3.91394	3.86087	52.1873
432.928	3.68387	4.28806	50.3741
433.255	3.46864	4.76876	48.4582
433.583	3.26735	5.30826	46.4707
433.911	3.07919	5.91221	44.4403
434.239	2.9034	6.5865	42.3921
434.567	2.73926	7.33726	40.3481
434.895	2.58612	8.17077	38.3268
435.222	2.44337	9.09333	36.3433
435.55	2.31047	10.1112	34.4098
435.878	2.18689	11.2302	32.5357
436.206	2.0722	12.456	30.7278
436.534	1.96597	13.7934	28.9913
436.862	1.86784	15.2463	27.329
437.189	1.77749	16.8176	25.7429
437.517	1.69464	18.5086	24.2333
437.845	1.61908	20.3188	22.7997
438.173	1.55062	22.2458	21.4411
438.501	1.48914	24.2849	20.1556
438.829	1.43455	26.4288	18.9409
439.171	1.38486	28.7696	17.7448
439.514	1.34271	31.1988	16.6203
439.874	1.30662	33.8316	15.5101
440.235	1.27923	36.5161	14.4717
440.612	1.26025	39.3475	13.4578
440.989	1.25168	42.1633	12.5138
441.367	1.25417	44.92	11.6354
441.744	1.26856	47.5705	10.8184
442.121	1.29585	50.0654	10.0589
442.499	1.33727	52.3539	9.35312
442.834	1.38715	54.1755	8.76754
443.17	1.45055	55.7607	8.21919
443.505	1.52883	57.0789	7.7058
443.841	1.62357	58.1039	7.22523
444.177	1.73655	58.8154	6.77544
444.512	1.86979	59.2002	6.35453
444.848	2.02557	59.2531	5.9607
445.183	2.20645	58.9774	5.59226
445.519	2.41529	58.3853	5.24762
445.854	2.65528	57.4966	4.92529
446.19	2.92996	56.3379	4.62388
446.526	3.24322	54.9408	4.34209
446.861	3.59936	53.3403	4.07869
447.197	4.00305	51.5732	3.83254
447.532	4.45936	49.6757	3.60258
447.868	4.97374	47.683	3.38781
448.204	5.55203	45.6274	3.18731
448.539	6.20039	43.5383	3.00023
448.875	6.92527	41.4412	2.82577
449.21	7.73331	39.3578	2.66319
449.546	8.63129	37.3064	2.51182
449.882	9.62592	35.3015	2.37104
450.217	10.7238	33.3545	2.24028
450.553	11.931	31.4741	2.11903
450.888	13.2531	29.6664	2.00682
451.224	14.6948	27.9356	1.90324
451.559	16.2595	26.2839	1.80794
451.895	17.9494	24.7124	1.72059
452.231	19.7646	23.2209	1.64094
452.566	21.7031	21.8083	1.56879
452.902	23.7608	20.4728	1.50398
453.237	25.9303	19.2122	1.44641
453.573	28.2018	18.0239	1.39605
453.922	30.6563	16.8624	1.35136
454.271	33.1879	15.7724	1.31457
454.64	35.9256	14.693	1.28446
455.009	38.6933	13.6856	1.26373
455.378	41.4551	12.7461	1.25283
455.747	44.1712	11.8704	1.25234
456.116	46.7984	11.0545	1.263
456.485	49.2909	10.2948	1.28569
456.854	51.6015	9.5875	1.32151
457.223	53.6828	8.9293	1.37173
457.592	55.4895	8.31694	1.43787
457.924	56.8461	7.80249	1.51246
458.256	57.92	7.32057	1.60285
458.588	58.6903	6.86921	1.71074
458.92	59.1427	6.44652	1.83803
459.253	59.2704	6.05075	1.98687
459.585	59.0748	5.68022	2.15968
459.917	58.5655	5.33338	2.35917
460.249	57.7601	5.00876	2.58834
460.581	56.6826	4.70499	2.85053
460.913	55.3628	4.42077	3.14943
461.245	53.8337	4.1549	3.48908
461.578	52.1306	3.90625	3.87391
461.91	50.289	3.67377	4.30872
462.242	48.3435	3.45647	4.79868
462.574	46.3264	3.25344	5.34933
462.906	44.2671	3.06383	5.96654
463.238	42.1916	2.88684	6.65648
463.57	40.1225	2.72174	7.42554
463.902	38.0785	2.56786	8.28023
464.235	36.075	2.42458	9.22713
464.567	34.1243	2.29132	10.2727
464.899	32.2357	2.16757	11.423
465.231	30.4162	2.05285	12.6837
465.563	28.6705	1.94676	14.0597
465.895	27.0015	1.84891	15.555
466.227	25.4108	1.75899	17.1722
466.56	23.8986	1.67672	18.9123
466.892	22.4643	1.60188	20.7743
467.224	21.1065	1.53429	22.7553
467.556	19.8231	1.47383	24.8497
467.888	18.6118	1.42044	27.0491
468.233	17.4284	1.37251	29.43
468.577	16.3165	1.33223	31.8956
468.941	15.2173	1.2982	34.5665
469.304	14.19	1.27309	37.2819
469.668	13.2306	1.25729	40.0099
470.031	12.3351	1.25127	42.7143
470.395	11.4997	1.25566	45.3554
470.758	10.7208	1.27123	47.8908
471.122	9.99472	1.29891	50.2758
471.485	9.3182	1.33981	52.4651
471.849	8.68801	1.39524	54.4141
472.212	8.10112	1.46675	56.0805
472.576	7.55467	1.55612	57.4263
472.939	7.04598	1.66542	58.4201
473.266	6.61905	1.78257	58.9937
473.592	6.21883	1.91966	59.2551
473.919	5.84371	2.07889	59.2023
474.246	5.49217	2.2627	58.841
474.572	5.16276	2.47382	58.1844
474.899	4.85414	2.71527	57.2529
475.226	4.56504	2.9904	56.072
475.552	4.29428	3.30287	54.6719
475.879	4.04074	3.6567	53.0853
476.205	3.80338	4.05627	51.3459
476.532	3.58124	4.50629	49.4874
476.859	3.37341	5.01184	47.5416
477.185	3.17903	5.57831	45.5385
477.512	2.99733	6.21142	43.5046
477.838	2.82756	6.9171	41.4635
478.165	2.66907	7.70149	39.4353
478.492	2.52121	8.57082	37.4368
478.818	2.38342	9.53131	35.4815
479.145	2.25516	10.589	33.5803
479.471	2.13597	11.7496	31.7413
479.798	2.0254	13.0184	29.9705
480.125	1.92308	14.3997	28.272
480.451	1.82865	15.8971	26.6481
480.778	1.74182	17.5127	25.1
481.104	1.66234	19.2471	23.6279
481.431	1.59001	21.0991	22.2308
481.758	1.52467	23.0654	20.9074
482.084	1.46622	25.1403	19.6556
482.422	1.41291	27.3935	18.433
482.76	1.36691	29.7417	17.2819
483.115	1.32659	32.2908	16.1474
483.47	1.29455	34.9051	15.0847
483.847	1.26989	37.7235	14.0302
484.223	1.2553	40.5493	13.048
484.6	1.25134	43.3416	12.1337
484.977	1.25875	46.0555	11.283
485.354	1.27841	48.6428	10.4919
485.73	1.31143	51.0537	9.75643
486.107	1.35912	53.2378	9.07301
486.441	1.4148	54.9423	8.50866
486.774	1.48444	56.3988	7.98003
487.108	1.56946	57.5793	7.48493
487.441	1.6715	58.4603	7.02132
487.775	1.7924	59.025	6.58726
488.108	1.93427	59.2638	6.18093
488.442	2.09946	59.1752	5.8006
488.775	2.2906	58.7663	5.44466
489.109	2.51063	58.0522	5.1116
489.442	2.76283	57.0553	4.79999
489.776	3.05081	55.8039	4.50851
490.109	3.37854	54.3308	4.2359
490.443	3.75039	52.6711	3.981
490.776	4.1711	50.8608	3.74272
491.11	4.64578	48.9353	3.52003
491.443	5.17994	46.9281	3.31201
491.776	5.77943	44.87	3.11775
492.11	6.4504	42.7883	2.93645
492.443	7.19925	40.7069	2.76735
492.777	8.03258	38.6457	2.60974
493.11	8.95702	36.6215	2.46298
493.444	9.97913	34.6473	2.32648
493.777	11.1052	32.7335	2.19971
494.111	12.3412	30.8876	2.08216
494.444	13.6922	29.1151	1.97342
494.778	15.1625	27.4194	1.87308
495.111	16.7552	25.8022	1.78081
495.445	18.4717	24.2643	1.69631
495.778	20.3116	22.8052	1.61936
496.112	22.2723	21.4235	1.54976
496.445	24.349	20.1174	1.48737
496.779	26.5337	18.8846	1.43211
497.112	28.8159	17.7224	1.38397
497.463	31.3097	16.5715	1.341
497.815	33.8761	15.4922	1.30609
498.187	36.6473	14.423	1.27812
498.559	39.4398	13.4259	1.2598
498.931	42.2159	12.4966	1.25162
499.303	44.9336	11.6311	1.25422
499.675	47.5478	10.8253	1.26838
500	49.7084	10.1677	1.29096
